quantity,value
sigma_ad,1.13279314708
sigma_am,0.468503229018
sigma_dm,-0.224997318364
sigma_e2,0.954815091177
r_am,-0.308848674094
converged,true
