quantity,engine_point
sigma_a2,0.7539823166195363
mu,0.016955964469489652
h2_liability,0.4298688244888878
