quantity,engine_point
sigma_a2,0.7040464476001468
mu,0.283528459546586
theta2,0.9771394738180275
h2_liability,0.4131615359379868
h2obs_cat1,0.2585508114995488
h2obs_cat2,0.0037610347613443542
h2obs_cat3,0.23720186986824598
